Assignment-1

CREATE DATABASE 2341004117_banking_db;
USE 2341004117_banking_db;

CREATE TABLE BRANCH (
    BRANCH_CODE VARCHAR(5),
    BRANCH_NAME VARCHAR(30),
    CITY VARCHAR(20)
);

CREATE TABLE CUSTOMER (
    CUST_NO VARCHAR(5),
    CUST_NAME VARCHAR(30),
    ADDRESS VARCHAR(40),
    PHONE NUMERIC(10)
);

CREATE TABLE ACCOUNT (
    ACC_NO VARCHAR(10),
    CUST_NO VARCHAR(5),
    BRANCH_CODE VARCHAR(5),
    ACC_TYPE VARCHAR(10),
    BALANCE NUMERIC(10)
);

CREATE TABLE LOAN (
    LOAN_NO VARCHAR(10),
    CUST_NO VARCHAR(5),
    BRANCH_CODE VARCHAR(5),
    AMOUNT NUMERIC(10)
);

CREATE TABLE TRANSACTION_DETAILS (
    TRANS_ID VARCHAR(10),
    ACC_NO VARCHAR(10),
    TRANS_TYPE VARCHAR(10),
    TRANS_AMOUNT NUMERIC(10),
    TRANS_DATE DATE
);

INSERT INTO BRANCH VALUES
('B001','Main Branch','Delhi'),
('B002','City Branch','Mumbai'),
('B003','Town Branch','Chennai'),
('B004','Central Branch','Delhi'),
('B005','Market Branch','Bengaluru');

INSERT INTO CUSTOMER VALUES
('C001','Ankit Kumar','Delhi',9876543210),
('C002','Anjali Verma','Mumbai',9123456780),
('C003','Suresh Patel','Ahmedabad',9988776655),
('C004','Neha Sharma','Jaipur',9090909090),
('C005','Amit Singh','Lucknow',8899776655);

INSERT INTO ACCOUNT VALUES
('A1001','C001','B001','Savings',25000),
('A1002','C002','B002','Current',40000),
('A1003','C003','B003','Savings',18000),
('A1004','C004','B004','Savings',32000),
('A1005','C005','B005','Current',50000);

INSERT INTO LOAN VALUES
('L2001','C001','B001',150000),
('L2002','C002','B002',200000),
('L2003','C003','B003',120000),
('L2004','C004','B004',180000),
('L2005','C005','B005',250000);

INSERT INTO TRANSACTION_DETAILS VALUES
('T001','A1001','Deposit',5000,'2025-01-10'),
('T002','A1002','Withdraw',3000,'2025-01-12'),
('T003','A1003','Deposit',7000,'2025-10-15'),
('T004','A1004','Withdraw',2000,'2024-01-18'),
('T005','A1005','Deposit',10000,'2024-03-20');

SELECT * FROM BRANCH;
SELECT * FROM CUSTOMER;
SELECT * FROM ACCOUNT;
SELECT * FROM LOAN;
SELECT * FROM TRANSACTION_DETAILS;

Assignment-2

DESC BRANCH;
DESC CUSTOMER;
DESC ACCOUNT;
DESC LOAN;
DESC TRANSACTION_DETAILS;

SELECT * FROM BRANCH;
SELECT * FROM CUSTOMER;
SELECT * FROM ACCOUNT;
SELECT * FROM LOAN;
SELECT * FROM TRANSACTION_DETAILS;

SELECT CUST_NO, BRANCH_CODE
FROM ACCOUNT;

SELECT CUST_NO, BALANCE
FROM ACCOUNT
WHERE ACC_TYPE = 'Savings';

SELECT ACC_NO, TRANS_ID
FROM TRANSACTION_DETAILS
WHERE TRANS_TYPE = 'Deposit'
AND TRANS_AMOUNT > 5000;

SELECT *
FROM LOAN
WHERE AMOUNT < 200000;

SELECT CUST_NO
FROM ACCOUNT
WHERE ACC_TYPE != 'Savings';

SELECT DISTINCT CITY
FROM BRANCH;

SELECT ACC_NO
FROM TRANSACTION_DETAILS
WHERE TRANS_DATE BETWEEN '2025-01-01' AND '2025-01-31';

SELECT ACC_NO
FROM ACCOUNT
WHERE BALANCE <> 32000;

SELECT *
FROM ACCOUNT
ORDER BY BALANCE DESC;

ALTER TABLE CUSTOMER
ADD EMAIL VARCHAR(40);

UPDATE CUSTOMER
SET EMAIL='ankit@gmail.com'
WHERE CUST_NO='C001';
UPDATE CUSTOMER
SET EMAIL='anjali@gmail.com'
WHERE CUST_NO='C002';
UPDATE CUSTOMER
SET EMAIL='suresh@gmail.com'
WHERE CUST_NO='C003';
UPDATE CUSTOMER
SET EMAIL='neha@gmail.com'
WHERE CUST_NO='C004';
UPDATE CUSTOMER
SET EMAIL='amit@gmail.com'
WHERE CUST_NO='C005';

ALTER TABLE BRANCH
RENAME COLUMN CITY TO LOCATION;

ALTER TABLE TRANSACTION_DETAILS
RENAME TO BANK_TRANSACTION;

ALTER TABLE ACCOUNT
RENAME COLUMN ACC_NO TO ACCOUNT_NO;

ALTER TABLE CUSTOMER
MODIFY CUST_NAME VARCHAR(50);

ALTER TABLE ACCOUNT
RENAME TO CUSTOMER_ACCOUNT;

ALTER TABLE BRANCH
MODIFY BRANCH_NAME VARCHAR(40);

DELETE FROM BANK_TRANSACTION;

Assignment-3

SELECT ACC_NO, ACC_TYPE, BALANCE
FROM ACCOUNT
WHERE BRANCH_CODE IN ('B001','B002','B003','B005');

SELECT *
FROM CUSTOMER
WHERE CUST_NAME LIKE 'A%'
AND ADDRESS='Delhi';

SELECT CUST_NO, ACC_NO, BALANCE,
       BALANCE*0.05 AS INTEREST,
       BALANCE + BALANCE*0.05 AS FINAL_BALANCE
FROM ACCOUNT;

SELECT *
FROM ACCOUNT
WHERE BALANCE BETWEEN 20000 AND 50000;

SELECT *
FROM CUSTOMER
WHERE CUST_NAME LIKE '_m%';

SELECT ACC_NO
FROM ACCOUNT
WHERE ACC_TYPE='Savings'
ORDER BY BALANCE DESC;

UPDATE ACCOUNT
SET BALANCE = BALANCE * 1.10;

UPDATE ACCOUNT
SET BALANCE = BALANCE * 1.05
WHERE ACC_TYPE='Savings'
AND BALANCE < 25000;

SELECT ACC_NO, BALANCE,
       BALANCE*0.06 AS ANNUAL_INTEREST
FROM ACCOUNT;

UPDATE ACCOUNT
SET ACC_TYPE='Savings'
WHERE ACC_TYPE='Current'
AND BALANCE < 45000;

DELETE FROM CUSTOMER
WHERE CUST_NO IN (
    SELECT CUST_NO
    FROM LOAN
    WHERE AMOUNT < 150000
);

DELETE FROM CUSTOMER
WHERE CUST_NAME LIKE '%h';

SELECT AVG(BALANCE)
FROM ACCOUNT
WHERE ACC_TYPE='Savings';

SELECT TRANS_TYPE, AVG(TRANS_AMOUNT)
FROM TRANSACTION_DETAILS
GROUP BY TRANS_TYPE;

SELECT ACC_NO, CUST_NO, BALANCE
FROM ACCOUNT
WHERE BALANCE = (SELECT MAX(BALANCE) FROM ACCOUNT);

SELECT COUNT(*)
FROM CUSTOMER
WHERE ADDRESS IN ('Delhi','Mumbai');

SELECT SUM(AMOUNT)
FROM LOAN
WHERE BRANCH_CODE IN ('B001','B002','B004');

SELECT ACC_TYPE, COUNT(*), SUM(BALANCE)
FROM ACCOUNT
GROUP BY ACC_TYPE;

SELECT TRANS_TYPE, SUM(TRANS_AMOUNT)
FROM TRANSACTION_DETAILS
WHERE ACC_NO <> 'A1005'
GROUP BY TRANS_TYPE;

SELECT SUM(BALANCE)
FROM ACCOUNT
WHERE ACC_TYPE='Current';

SELECT ACC_TYPE, COUNT(*)
FROM ACCOUNT
GROUP BY ACC_TYPE
ORDER BY COUNT(*) ASC;

SELECT TRANS_TYPE, COUNT(*)
FROM TRANSACTION_DETAILS
GROUP BY TRANS_TYPE
ORDER BY COUNT(*) DESC;

SELECT ACC_TYPE, AVG(BALANCE)
FROM ACCOUNT
GROUP BY ACC_TYPE
HAVING AVG(BALANCE) > 25000;

SELECT ACC_TYPE, COUNT(*)
FROM ACCOUNT
GROUP BY ACC_TYPE
HAVING COUNT(*) > 2;

SELECT ACC_TYPE, MAX(BALANCE)
FROM ACCOUNT
GROUP BY ACC_TYPE
HAVING MAX(BALANCE) > 40000;

SELECT MAX(BALANCE)
FROM ACCOUNT
WHERE ACC_TYPE='Savings';

SELECT TRANS_TYPE
FROM TRANSACTION_DETAILS
GROUP BY TRANS_TYPE
ORDER BY SUM(TRANS_AMOUNT) DESC
LIMIT 1;

SELECT ACC_TYPE
FROM ACCOUNT
GROUP BY ACC_TYPE
HAVING SUM(BALANCE) >
(
    SELECT AVG(BALANCE)
    FROM ACCOUNT
);

SELECT SUBSTRING('Koushik',2,5);

SELECT LENGTH('Siksha O Anusandhan University');

SELECT UPPER(CUST_NAME)
FROM CUSTOMER;

SELECT LEFT(ACC_TYPE,2)
FROM ACCOUNT;

SELECT MONTH(TRANS_DATE), YEAR(TRANS_DATE)
FROM TRANSACTION_DETAILS;

SELECT DATE_FORMAT(TRANS_DATE,'%d/%m/%Y')
FROM TRANSACTION_DETAILS;

SELECT DATEDIFF(CURDATE(), TRANS_DATE)
FROM TRANSACTION_DETAILS;

SELECT DATE_ADD(CURDATE(), INTERVAL 15 DAY);

SELECT TRUNCATE(94204.27348,2);


Assignment-4

CREATE TABLE DEPARTMENT (
    DEPT_NAME VARCHAR(50) PRIMARY KEY,
    BUILDING VARCHAR(50) NOT NULL,
    BUDGET DECIMAL(10,2) CHECK (BUDGET > 0)
);

CREATE TABLE INSTRUCTOR (
    ID CHAR(5) PRIMARY KEY,
    NAME VARCHAR(50) NOT NULL,
    DEPT_NAME VARCHAR(50),
    SALARY DECIMAL(10,2) CHECK (SALARY > 20000),
    FOREIGN KEY (DEPT_NAME) REFERENCES DEPARTMENT(DEPT_NAME)
);

CREATE TABLE STUDENT (
    ID CHAR(5) PRIMARY KEY,
    NAME VARCHAR(50) NOT NULL,
    DEPT_NAME VARCHAR(50),
    TOT_CRED INT CHECK (TOT_CRED >= 0),
    FOREIGN KEY (DEPT_NAME) REFERENCES DEPARTMENT(DEPT_NAME)
);

CREATE TABLE ADVISOR (
    I_ID CHAR(5),
    S_ID CHAR(5),
    PRIMARY KEY (I_ID, S_ID),
    FOREIGN KEY (I_ID) REFERENCES INSTRUCTOR(ID),
    FOREIGN KEY (S_ID) REFERENCES STUDENT(ID)
);

CREATE TABLE COURSE (
    COURSE_ID VARCHAR(10) PRIMARY KEY,
    TITLE VARCHAR(100) NOT NULL,
    DEPT_NAME VARCHAR(50),
    CREDIT INT CHECK (CREDIT > 0),
    FOREIGN KEY (DEPT_NAME) REFERENCES DEPARTMENT(DEPT_NAME)
);

CREATE TABLE CLASSROOM (
    ROOM_NO INT,
    BUILDING VARCHAR(50),
    CAPACITY INT CHECK (CAPACITY >= 10),
    PRIMARY KEY (ROOM_NO, BUILDING)
);

CREATE TABLE SECTION (
    COURSE_ID VARCHAR(10),
    SEC_ID INT,
    SEMESTER VARCHAR(10),
    YEAR INT,
    ROOM_NO INT,
    BUILDING VARCHAR(50),
    PRIMARY KEY (COURSE_ID, SEC_ID, SEMESTER, YEAR),
    FOREIGN KEY (COURSE_ID) REFERENCES COURSE(COURSE_ID),
    FOREIGN KEY (ROOM_NO, BUILDING) REFERENCES CLASSROOM(ROOM_NO, BUILDING),
    CHECK (SEMESTER IN ('Spring','Summer','Fall','Winter')),
    CHECK (YEAR >= 2000 AND YEAR <= 2026)
);

CREATE TABLE TEACHES (
    ID CHAR(5),
    COURSE_ID VARCHAR(10),
    SEC_ID INT,
    SEMESTER VARCHAR(10),
    YEAR INT,
    PRIMARY KEY (ID, COURSE_ID, SEC_ID, SEMESTER, YEAR),
    FOREIGN KEY (ID) REFERENCES INSTRUCTOR(ID),
    FOREIGN KEY (COURSE_ID, SEC_ID, SEMESTER, YEAR)
        REFERENCES SECTION(COURSE_ID, SEC_ID, SEMESTER, YEAR)
);

CREATE TABLE TAKES (
    S_ID CHAR(5),
    COURSE_ID VARCHAR(10),
    SEC_ID INT,
    SEMESTER VARCHAR(10),
    YEAR INT,
    GRADE VARCHAR(2),
    PRIMARY KEY (S_ID, COURSE_ID, SEC_ID, SEMESTER, YEAR),
    FOREIGN KEY (S_ID) REFERENCES STUDENT(ID),
    FOREIGN KEY (COURSE_ID, SEC_ID, SEMESTER, YEAR)
        REFERENCES SECTION(COURSE_ID, SEC_ID, SEMESTER, YEAR)
);





INSERT INTO DEPARTMENT VALUES
('Biology','Watson',90000),
('Comp. Sci.','Taylor',100000),
('Elec. Eng.','Taylor',85000),
('Finance','Painter',120000),
('History','Painter',50000),
('Music','Packard',80000),
('Physics','Watson',70000);

INSERT INTO INSTRUCTOR VALUES
('10101','Srinivasan','Comp. Sci.',65000),
('12121','Wu','Finance',90000),
('15151','Mozart','Music',40000),
('22222','Einstein','Physics',95000),
('32343','El Said','History',60000),
('33456','Gold','Physics',87000),
('45565','Katz','Comp. Sci.',75000),
('58583','Califieri','History',62000),
('76543','Singh','Finance',80000),
('76766','Crick','Biology',72000),
('83821','Brandt','Comp. Sci.',92000),
('98345','Kim','Elec. Eng.',80000);

INSERT INTO STUDENT VALUES
('00128','Zhang','Comp. Sci.',102),
('12345','Shankar','Comp. Sci.',32),
('19991','Brandt','History',80),
('23121','Chavez','Finance',110),
('44553','Peltier','Physics',56),
('45678','Levy','Physics',46),
('54321','Williams','Comp. Sci.',54),
('55739','Sanchez','Music',38),
('70557','Snow','Physics',0),
('76543','Brown','Comp. Sci.',58),
('76653','Aoi','Elec. Eng.',60),
('98765','Bourikas','Elec. Eng.',98),
('98988','Tanaka','Biology',120);

INSERT INTO COURSE VALUES
('BIO-101','Intro. to Biology','Biology',4),
('BIO-301','Genetics','Biology',4),
('BIO-399','Computational Biology','Biology',3),
('CS-101','Intro. to Computer Science','Comp. Sci.',4),
('CS-190','Game Design','Comp. Sci.',4),
('CS-315','Robotics','Comp. Sci.',3),
('CS-319','Image Processing','Comp. Sci.',3),
('CS-347','Database System Concepts','Comp. Sci.',3),
('EE-181','Intro. to Digital Systems','Elec. Eng.',3),
('FIN-201','Investment Banking','Finance',3),
('HIS-351','World History','History',3),
('MU-199','Music Video Production','Music',3),
('PHY-101','Physical Principles','Physics',4);

INSERT INTO CLASSROOM VALUES
(101,'Packard',500),
(514,'Painter',10),
(3128,'Taylor',70),
(100,'Watson',30),
(120,'Watson',50);

INSERT INTO SECTION VALUES
('BIO-101',1,'Summer',2009,514,'Painter'),
('BIO-301',1,'Summer',2010,514,'Painter'),
('CS-101',1,'Fall',2009,101,'Packard'),
('CS-101',1,'Spring',2010,101,'Packard'),
('CS-190',1,'Spring',2009,3128,'Taylor'),
('CS-190',2,'Spring',2009,3128,'Taylor'),
('CS-315',1,'Spring',2010,120,'Watson'),
('CS-319',1,'Spring',2010,100,'Watson'),
('CS-319',2,'Spring',2010,3128,'Taylor'),
('CS-347',1,'Fall',2009,3128,'Taylor'),
('EE-181',1,'Spring',2009,3128,'Taylor'),
('FIN-201',1,'Spring',2010,101,'Packard'),
('HIS-351',1,'Spring',2010,514,'Painter'),
('MU-199',1,'Spring',2010,101,'Packard'),
('PHY-101',1,'Fall',2009,100,'Watson');

INSERT INTO TEACHES VALUES
('10101','CS-101',1,'Fall',2009),
('10101','CS-315',1,'Spring',2010),
('10101','CS-347',1,'Fall',2009),
('12121','FIN-201',1,'Spring',2010),
('15151','MU-199',1,'Spring',2010),
('22222','PHY-101',1,'Fall',2009),
('32343','HIS-351',1,'Spring',2010),
('45565','CS-101',1,'Spring',2010),
('45565','CS-319',1,'Spring',2010),
('76766','BIO-101',1,'Summer',2009),
('76766','BIO-301',1,'Summer',2010),
('83821','CS-190',1,'Spring',2009),
('83821','CS-190',2,'Spring',2009),
('83821','CS-319',2,'Spring',2010),
('98345','EE-181',1,'Spring',2009);

INSERT INTO TAKES VALUES
('00128','CS-101',1,'Fall',2009,'A'),
('00128','CS-347',1,'Fall',2009,'A-'),
('12345','CS-101',1,'Fall',2009,'C'),
('12345','CS-190',2,'Spring',2009,'A'),
('12345','CS-315',1,'Spring',2010,'A'),
('12345','CS-347',1,'Fall',2009,'A'),
('19991','HIS-351',1,'Spring',2010,'B'),
('23121','FIN-201',1,'Spring',2010,'C+'),
('44553','PHY-101',1,'Fall',2009,'B-'),
('45678','CS-101',1,'Fall',2009,'F'),
('45678','CS-101',1,'Spring',2010,'B+'),
('45678','CS-319',1,'Spring',2010,'B'),
('54321','CS-101',1,'Fall',2009,'A-'),
('54321','CS-190',2,'Spring',2009,'B+');

INSERT INTO ADVISOR VALUES
('10101','00128'),
('12121','23121'),
('15151','55739'),
('22222','44553'),
('32343','19991'),
('45565','12345'),
('76766','98988');


Assignment-5

SELECT NAME
FROM INSTRUCTOR
WHERE DEPT_NAME = (
    SELECT DEPT_NAME
    FROM COURSE
    WHERE COURSE_ID = 'CS-101'
);

SELECT DEPT_NAME
FROM DEPARTMENT
WHERE BUDGET > (
    SELECT BUDGET
    FROM DEPARTMENT
    WHERE DEPT_NAME = 'Biology'
);

SELECT DISTINCT S.NAME
FROM STUDENT S
JOIN TAKES T ON S.ID = T.S_ID
JOIN SECTION SEC ON T.COURSE_ID = SEC.COURSE_ID
WHERE SEC.ROOM_NO = (
    SELECT ROOM_NO
    FROM SECTION
    WHERE COURSE_ID = 'CS-101'
    LIMIT 1
);

SELECT S.ID, S.NAME
FROM STUDENT S
WHERE NOT EXISTS (
    (SELECT COURSE_ID
     FROM COURSE
     WHERE DEPT_NAME = 'Comp. Sci.')
    EXCEPT
    (SELECT COURSE_ID
     FROM TAKES
     WHERE S_ID = S.ID)
);

SELECT DISTINCT COURSE_ID
FROM SECTION
WHERE BUILDING = (
    SELECT BUILDING
    FROM CLASSROOM
    WHERE ROOM_NO = 514
);

SELECT NAME
FROM INSTRUCTOR I
WHERE NOT EXISTS (
    SELECT *
    FROM TEACHES T
    WHERE T.ID = I.ID AND SEMESTER = 'Spring'
);

SELECT NAME
FROM STUDENT
WHERE DEPT_NAME = (
    SELECT DEPT_NAME
    FROM DEPARTMENT
    WHERE BUDGET = (
        SELECT MAX(BUDGET) FROM DEPARTMENT
    )
);

SELECT I.ID, I.NAME
FROM INSTRUCTOR I
JOIN ADVISOR A ON I.ID = A.I_ID
WHERE A.S_ID = '44553';

SELECT T.COURSE_ID, T.YEAR
FROM TAKES T
JOIN STUDENT S ON T.S_ID = S.ID
WHERE S.NAME = 'Srinivasan'
AND T.SEMESTER = 'Fall';

CREATE TABLE SEMESTER_TYPE AS
SELECT SEMESTER, YEAR
FROM SECTION
WHERE 1=0;

INSERT INTO SEMESTER_TYPE (SEMESTER, YEAR)
SELECT SEMESTER, YEAR
FROM SECTION
WHERE ROOM_NO < 500;

UPDATE SEMESTER_TYPE
SET SEMESTER = 'Summer';

DELETE FROM SEMESTER_TYPE;

SELECT ID, NAME
FROM STUDENT
WHERE TOT_CRED > SOME (
    SELECT TOT_CRED
    FROM STUDENT
    WHERE DEPT_NAME = 'Comp. Sci.'
);

SELECT NAME
FROM STUDENT
WHERE TOT_CRED > ALL (
    SELECT TOT_CRED
    FROM STUDENT
    WHERE DEPT_NAME = 'Comp. Sci.'
);

SELECT *
FROM INSTRUCTOR I
WHERE EXISTS (
    SELECT *
    FROM TEACHES T
    WHERE T.ID = I.ID
);

SELECT *
FROM INSTRUCTOR I
WHERE NOT EXISTS (
    SELECT *
    FROM TEACHES T
    WHERE T.ID = I.ID
);

UPDATE INSTRUCTOR
SET SALARY =
    CASE
        WHEN SALARY > 80000 THEN SALARY * 1.08
        ELSE SALARY * 1.06
    END;





SELECT DISTINCT I.NAME
FROM INSTRUCTOR I
JOIN TEACHES T ON I.ID = T.ID
WHERE T.SEMESTER = 'Summer';

SELECT DISTINCT S.NAME
FROM STUDENT S
JOIN TAKES T ON S.ID = T.S_ID
JOIN COURSE C ON T.COURSE_ID = C.COURSE_ID
WHERE C.DEPT_NAME = 'Physics';

SELECT DISTINCT SEC.BUILDING
FROM SECTION SEC
JOIN COURSE C ON SEC.COURSE_ID = C.COURSE_ID
WHERE C.DEPT_NAME = 'Biology';

SELECT DISTINCT S.NAME, S.DEPT_NAME
FROM STUDENT S
JOIN TAKES T ON S.ID = T.S_ID
JOIN TEACHES TE ON T.COURSE_ID = TE.COURSE_ID
JOIN INSTRUCTOR I ON TE.ID = I.ID
WHERE I.SALARY > 80000;

SELECT DISTINCT CL.BUILDING, CL.CAPACITY
FROM CLASSROOM CL
JOIN SECTION SEC ON CL.ROOM_NO = SEC.ROOM_NO AND CL.BUILDING = SEC.BUILDING
JOIN COURSE C ON SEC.COURSE_ID = C.COURSE_ID
WHERE C.DEPT_NAME = 'Comp. Sci.';

SELECT DISTINCT S.NAME
FROM STUDENT S
JOIN TAKES T ON S.ID = T.S_ID
JOIN SECTION SEC ON T.COURSE_ID = SEC.COURSE_ID
WHERE SEC.BUILDING <> 'Watson';

SELECT DISTINCT I.NAME
FROM INSTRUCTOR I
JOIN TEACHES T ON I.ID = T.ID
JOIN SECTION SEC ON T.COURSE_ID = SEC.COURSE_ID
JOIN CLASSROOM C ON SEC.ROOM_NO = C.ROOM_NO
WHERE C.CAPACITY = 500;

SELECT T.SEMESTER, T.GRADE
FROM TAKES T
JOIN TEACHES TE ON T.COURSE_ID = TE.COURSE_ID
JOIN INSTRUCTOR I ON TE.ID = I.ID
WHERE I.NAME = 'Kim';'

SELECT S.NAME, S.TOT_CRED
FROM STUDENT S
JOIN TAKES T ON S.ID = T.S_ID
WHERE T.SEMESTER = 'Fall';

WITH AVG_BUDGET AS (
    SELECT AVG(BUDGET) AS AVG_VAL
    FROM DEPARTMENT
)
SELECT DEPT_NAME
FROM DEPARTMENT, AVG_BUDGET
WHERE BUDGET > AVG_VAL;
